step,time_lt,time_phys,revolutions,thrust_lu,torque_lu,power_lu,rho_ref,area_lu,tip_speed_lu,omega_lu,R_lu,D_lu,n_lu
25,416.000000,0.002481781,0.051725,9.662001057,49.340707098,0.038547427,1.000000,51471.854036,0.100000000,0.000781250,128.000000,256.000000,0.000124340
50,816.000000,0.004868108,0.101461,9.614930376,49.587664136,0.038740363,1.000000,51471.854036,0.100000000,0.000781250,128.000000,256.000000,0.000124340
75,1216.000000,0.007254436,0.151197,9.530557791,49.421636877,0.038610654,1.000000,51471.854036,0.100000000,0.000781250,128.000000,256.000000,0.000124340
100,1616.000000,0.009640764,0.200933,9.743109958,49.944868026,0.039019428,1.000000,51471.854036,0.100000000,0.000781250,128.000000,256.000000,0.000124340
125,2016.000000,0.012027091,0.250669,9.782132812,49.915395848,0.038996403,1.000000,51471.854036,0.100000000,0.000781250,128.000000,256.000000,0.000124340
150,2416.000000,0.014413419,0.300405,9.765064657,51.556155610,0.040278247,1.000000,51471.854036,0.100000000,0.000781250,128.000000,256.000000,0.000124340
175,2816.000000,0.016799747,0.350141,9.742382372,52.955037572,0.041371123,1.000000,51471.854036,0.100000000,0.000781250,128.000000,256.000000,0.000124340
200,3216.000000,0.019186075,0.399877,9.697342901,54.235544806,0.042371519,1.000000,51471.854036,0.100000000,0.000781250,128.000000,256.000000,0.000124340
225,3616.000000,0.021572402,0.449613,9.573241626,55.469489432,0.043335539,1.000000,51471.854036,0.100000000,0.000781250,128.000000,256.000000,0.000124340
250,4016.000000,0.023958730,0.499349,9.490425426,56.078085379,0.043811004,1.000000,51471.854036,0.100000000,0.000781250,128.000000,256.000000,0.000124340
275,4416.000000,0.026345058,0.549085,9.151754555,56.605502962,0.044223049,1.000000,51471.854036,0.100000000,0.000781250,128.000000,256.000000,0.000124340
300,4816.000000,0.028731385,0.598820,8.532946125,54.714494729,0.042745699,1.000000,51471.854036,0.100000000,0.000781250,128.000000,256.000000,0.000124340
325,5216.000000,0.031117713,0.648556,8.780109084,59.727142858,0.046661830,1.000000,51471.854036,0.100000000,0.000781250,128.000000,256.000000,0.000124340
350,5616.000000,0.033504041,0.698292,8.496543748,60.818044438,0.047514097,1.000000,51471.854036,0.100000000,0.000781250,128.000000,256.000000,0.000124340
375,6016.000000,0.035890368,0.748028,8.193246072,61.611997902,0.048134373,1.000000,51471.854036,0.100000000,0.000781250,128.000000,256.000000,0.000124340
400,6416.000000,0.038276696,0.797764,7.762484839,62.603390138,0.048908899,1.000000,51471.854036,0.100000000,0.000781250,128.000000,256.000000,0.000124340
425,6816.000000,0.040663024,0.847500,7.384981758,65.359446281,0.051062067,1.000000,51471.854036,0.100000000,0.000781250,128.000000,256.000000,0.000124340
450,7216.000000,0.043049351,0.897236,6.946654468,64.268800490,0.050210000,1.000000,51471.854036,0.100000000,0.000781250,128.000000,256.000000,0.000124340
475,7616.000000,0.045435679,0.946972,6.785355134,65.803478739,0.051408968,1.000000,51471.854036,0.100000000,0.000781250,128.000000,256.000000,0.000124340
500,8016.000000,0.047822007,0.996708,6.467144925,65.755623099,0.051371581,1.000000,51471.854036,0.100000000,0.000781250,128.000000,256.000000,0.000124340
525,8416.000000,0.050208334,1.046444,5.720824014,60.653592046,0.047385619,1.000000,51471.854036,0.100000000,0.000781250,128.000000,256.000000,0.000124340
550,8816.000000,0.052594662,1.096180,5.971183181,64.617690125,0.050482570,1.000000,51471.854036,0.100000000,0.000781250,128.000000,256.000000,0.000124340
575,9216.000000,0.054980990,1.145916,5.832652542,65.353092272,0.051057103,1.000000,51471.854036,0.100000000,0.000781250,128.000000,256.000000,0.000124340
600,9616.000000,0.057367317,1.195652,5.683751685,66.009562862,0.051569971,1.000000,51471.854036,0.100000000,0.000781250,128.000000,256.000000,0.000124340
625,10016.000000,0.059753645,1.245387,5.571436795,66.002620657,0.051564547,1.000000,51471.854036,0.100000000,0.000781250,128.000000,256.000000,0.000124340
650,10416.000000,0.062139973,1.295123,5.375573931,64.915245412,0.050715035,1.000000,51471.854036,0.100000000,0.000781250,128.000000,256.000000,0.000124340
675,10816.000000,0.064526300,1.344859,5.323525809,64.829330420,0.050647914,1.000000,51471.854036,0.100000000,0.000781250,128.000000,256.000000,0.000124340
700,11216.000000,0.066912628,1.394595,5.075513849,63.127708037,0.049318522,1.000000,51471.854036,0.100000000,0.000781250,128.000000,256.000000,0.000124340
725,11616.000000,0.069298956,1.444331,4.967328591,62.972554485,0.049197308,1.000000,51471.854036,0.100000000,0.000781250,128.000000,256.000000,0.000124340
750,12016.000000,0.071685283,1.494067,4.537208507,58.385849720,0.045613945,1.000000,51471.854036,0.100000000,0.000781250,128.000000,256.000000,0.000124340
775,12416.000000,0.074071611,1.543803,5.020219219,64.300753346,0.050234964,1.000000,51471.854036,0.100000000,0.000781250,128.000000,256.000000,0.000124340
800,12816.000000,0.076457939,1.593539,5.051263304,64.666228996,0.050520491,1.000000,51471.854036,0.100000000,0.000781250,128.000000,256.000000,0.000124340
825,13216.000000,0.078844266,1.643275,5.101236064,65.340076691,0.051046935,1.000000,51471.854036,0.100000000,0.000781250,128.000000,256.000000,0.000124340
850,13616.000000,0.081230594,1.693011,5.153891966,65.388226786,0.051084552,1.000000,51471.854036,0.100000000,0.000781250,128.000000,256.000000,0.000124340
875,14016.000000,0.083616922,1.742747,5.176137558,64.793242022,0.050619720,1.000000,51471.854036,0.100000000,0.000781250,128.000000,256.000000,0.000124340
900,14416.000000,0.086003249,1.792483,5.129603256,65.052047325,0.050821912,1.000000,51471.854036,0.100000000,0.000781250,128.000000,256.000000,0.000124340
925,14816.000000,0.088389577,1.842218,5.056680353,64.234504670,0.050183207,1.000000,51471.854036,0.100000000,0.000781250,128.000000,256.000000,0.000124340
950,15216.000000,0.090775905,1.891954,5.050289456,64.572093345,0.050446948,1.000000,51471.854036,0.100000000,0.000781250,128.000000,256.000000,0.000124340
975,15616.000000,0.093162232,1.941690,4.711426826,59.678854677,0.046624105,1.000000,51471.854036,0.100000000,0.000781250,128.000000,256.000000,0.000124340
1000,16016.000000,0.095548560,1.991426,5.281295895,65.269536371,0.050991825,1.000000,51471.854036,0.100000000,0.000781250,128.000000,256.000000,0.000124340
